ID Client,Date Inscription,Date de naissance,Etablissement Inscription
1000,2020-04-12,2019-01-29,Arkose Lyon
1001,2021-03-11,2007-01-22,Arkose Lyon
1002,2022-05-10,2005-05-28,Arkose Lyon
1003,2020-09-27,2001-07-07,Arkose Bordeaux
1004,2020-04-16,1992-06-16,Arkose Bordeaux
1005,2020-03-12,2023-03-31,Arkose Bordeaux
1006,2021-12-01,2003-06-15,Arkose Lyon
1007,2020-01-21,2016-06-06,Arkose Bordeaux
1008,2021-09-06,2003-12-03,Arkose Lyon
1009,2020-05-01,1998-04-11,Arkose Lyon
1010,2021-04-11,2013-10-26,Arkose Paris
1011,2020-08-02,1999-12-06,Arkose Bordeaux
1012,2020-11-26,2013-03-13,Arkose Bordeaux
1013,2021-04-03,1992-06-11,Arkose Lyon
1014,2020-03-28,2011-05-31,Arkose Bordeaux
1015,2021-01-07,1997-03-10,Arkose Lyon
1016,2020-04-09,2024-02-21,Arkose Paris
1017,2022-05-21,2009-02-12,Arkose Paris
1018,2021-10-25,2015-12-31,Arkose Paris
1019,2020-05-10,2023-04-17,Arkose Paris
1020,2021-10-23,2017-06-22,Arkose Paris
1021,2020-11-04,2003-08-18,Arkose Lyon
1022,2022-02-08,2023-08-20,Arkose Paris
1023,2020-12-09,1998-10-12,Arkose Lyon
1024,2021-05-06,2019-03-31,Arkose Paris
1025,2021-02-17,1993-09-16,Arkose Lyon
1026,2022-03-16,1999-08-08,Arkose Paris
1027,2021-01-20,2011-05-04,Arkose Paris
1028,2020-07-10,2009-10-29,Arkose Paris
1029,2022-08-13,2018-01-30,Arkose Lyon
1030,2020-10-03,1997-05-05,Arkose Paris
1031,2020-06-09,2014-09-25,Arkose Bordeaux
1032,2021-04-04,2023-02-23,Arkose Paris
1033,2020-11-09,1999-11-16,Arkose Paris
1034,2020-01-22,1996-08-26,Arkose Bordeaux
1035,2020-09-09,1996-12-13,Arkose Lyon
1036,2022-01-17,2015-09-02,Arkose Paris
1037,2022-05-06,2000-01-20,Arkose Lyon
1038,2021-07-14,1997-04-08,Arkose Lyon
1039,2021-04-19,2007-09-03,Arkose Lyon
1040,2020-02-28,2010-03-26,Arkose Paris
1041,2021-05-25,1998-06-08,Arkose Paris
1042,2021-11-12,2022-04-29,Arkose Lyon
1043,2021-04-20,2004-11-14,Arkose Bordeaux
1044,2021-11-30,1996-11-02,Arkose Lyon
1045,2022-09-02,2014-03-26,Arkose Paris
1046,2022-02-21,2014-02-19,Arkose Lyon
1047,2020-07-08,2010-01-07,Arkose Lyon
1048,2022-08-15,2007-01-21,Arkose Paris
1049,2021-11-17,2003-01-09,Arkose Paris
1050,2022-08-15,2023-07-23,Arkose Lyon
1051,2021-07-16,1992-08-15,Arkose Paris
1052,2022-05-25,2009-02-12,Arkose Paris
1053,2021-07-20,2016-01-15,Arkose Paris
1054,2020-08-31,2017-02-11,Arkose Paris
1055,2022-04-11,2024-04-22,Arkose Paris
1056,2021-05-19,1997-07-07,Arkose Bordeaux
1057,2020-05-10,2006-10-02,Arkose Bordeaux
1058,2021-04-29,2024-07-11,Arkose Paris
1059,2022-03-29,2004-05-10,Arkose Bordeaux
1060,2021-10-08,2000-05-31,Arkose Lyon
1061,2020-01-21,2011-07-03,Arkose Paris
1062,2022-04-20,2019-12-18,Arkose Paris
1063,2020-06-15,2012-03-01,Arkose Paris
1064,2020-09-30,2000-08-01,Arkose Paris
1065,2021-01-22,2018-12-09,Arkose Lyon
1066,2021-08-23,1998-01-29,Arkose Lyon
1067,2020-11-11,1995-01-24,Arkose Paris
1068,2020-01-14,2004-03-22,Arkose Bordeaux
1069,2020-08-29,2009-02-20,Arkose Lyon
1070,2022-02-15,2008-11-14,Arkose Paris
1071,2020-12-11,2023-01-26,Arkose Bordeaux
1072,2021-07-18,2018-12-23,Arkose Bordeaux
1073,2022-06-16,1996-06-01,Arkose Bordeaux
1074,2020-12-05,2007-01-26,Arkose Paris
1075,2020-04-01,2018-04-16,Arkose Lyon
1076,2021-01-01,2003-05-27,Arkose Lyon
1077,2022-08-13,2015-01-10,Arkose Lyon
1078,2021-03-30,2023-01-18,Arkose Bordeaux
1079,2021-03-03,1998-11-27,Arkose Lyon
1080,2021-05-23,2007-03-20,Arkose Bordeaux
1081,2022-02-14,1992-03-04,Arkose Bordeaux
1082,2022-07-31,1997-12-05,Arkose Bordeaux
1083,2020-02-04,2000-01-05,Arkose Paris
1084,2020-07-24,2005-07-09,Arkose Paris
1085,2020-03-21,2004-01-16,Arkose Paris
1086,2022-07-20,2024-09-03,Arkose Bordeaux
1087,2021-07-15,1999-10-05,Arkose Paris
1088,2022-05-21,2023-03-10,Arkose Lyon
1089,2021-01-22,2024-09-17,Arkose Paris
1090,2020-01-02,1994-07-10,Arkose Lyon
1091,2021-01-24,2014-10-09,Arkose Bordeaux
1092,2021-07-19,2007-07-05,Arkose Bordeaux
1093,2020-04-15,2010-12-01,Arkose Paris
1094,2022-02-10,2004-03-16,Arkose Bordeaux
1095,2022-04-01,2017-11-22,Arkose Lyon
1096,2021-04-21,2005-05-08,Arkose Paris
1097,2021-12-03,2002-10-27,Arkose Lyon
1098,2021-02-05,2018-07-07,Arkose Paris
1099,2021-12-30,2008-05-16,Arkose Paris
1100,2021-07-09,1995-03-29,Arkose Lyon
1101,2020-06-10,2004-03-19,Arkose Paris
1102,2020-07-20,2004-11-13,Arkose Paris
1103,2022-08-15,2022-10-31,Arkose Paris
1104,2022-09-22,2021-10-27,Arkose Paris
1105,2020-09-26,2004-05-17,Arkose Paris
1106,2022-05-12,2016-12-11,Arkose Lyon
1107,2022-03-26,2013-12-11,Arkose Lyon
1108,2020-09-27,2001-05-04,Arkose Lyon
1109,2021-03-31,1994-10-07,Arkose Bordeaux
1110,2021-04-06,2010-10-11,Arkose Lyon
1111,2021-12-27,1996-07-16,Arkose Lyon
1112,2020-09-08,2001-04-24,Arkose Paris
1113,2021-12-02,2015-11-15,Arkose Paris
1114,2020-10-22,2021-02-19,Arkose Paris
1115,2021-12-25,2008-01-17,Arkose Paris
1116,2021-12-20,2001-02-01,Arkose Lyon
1117,2022-01-18,1992-07-09,Arkose Paris
1118,2020-12-03,2005-04-20,Arkose Bordeaux
1119,2022-05-28,2011-02-17,Arkose Bordeaux
1120,2020-02-22,2016-12-16,Arkose Lyon
1121,2022-03-02,2007-03-28,Arkose Paris
1122,2022-07-10,2022-09-24,Arkose Paris
1123,2020-08-04,2013-10-18,Arkose Bordeaux
1124,2022-02-02,2016-07-25,Arkose Bordeaux
1125,2020-07-06,2012-12-09,Arkose Paris
1126,2021-01-14,2004-08-12,Arkose Lyon
1127,2021-05-07,2022-11-16,Arkose Paris
1128,2020-02-10,2012-12-05,Arkose Paris
1129,2020-06-05,2014-05-18,Arkose Paris
1130,2020-01-15,2011-12-31,Arkose Paris
1131,2022-03-23,2017-09-26,Arkose Bordeaux
1132,2020-03-05,1997-12-10,Arkose Lyon
1133,2022-05-06,2021-03-30,Arkose Paris
1134,2022-04-18,1994-10-31,Arkose Lyon
1135,2021-06-04,2001-05-02,Arkose Bordeaux
1136,2020-12-09,2021-05-10,Arkose Bordeaux
1137,2020-05-08,1994-10-22,Arkose Paris
1138,2021-10-09,1998-04-11,Arkose Paris
1139,2021-04-16,2001-04-08,Arkose Paris
1140,2020-03-03,1992-09-23,Arkose Paris
1141,2020-05-18,1993-07-25,Arkose Paris
1142,2021-05-13,2000-08-01,Arkose Lyon
1143,2021-08-15,1993-10-26,Arkose Paris
1144,2021-01-26,2005-11-01,Arkose Paris
1145,2021-11-05,2017-06-14,Arkose Paris
1146,2021-02-22,1992-06-04,Arkose Paris
1147,2020-10-15,2020-08-18,Arkose Paris
1148,2021-01-13,1994-08-03,Arkose Paris
1149,2022-02-11,2000-01-19,Arkose Paris
1150,2021-05-04,2008-08-11,Arkose Paris
1151,2020-08-18,1995-02-23,Arkose Paris
1152,2020-02-10,2001-01-05,Arkose Lyon
1153,2020-01-28,2001-03-13,Arkose Paris
1154,2020-05-14,2014-09-06,Arkose Paris
1155,2020-07-19,2019-12-27,Arkose Paris
1156,2022-04-19,1996-11-16,Arkose Bordeaux
1157,2022-02-18,2007-12-07,Arkose Paris
1158,2022-07-18,2010-04-10,Arkose Lyon
1159,2020-02-02,1993-06-18,Arkose Bordeaux
1160,2020-02-17,2006-10-21,Arkose Paris
1161,2021-05-17,1997-02-03,Arkose Bordeaux
1162,2021-02-10,1999-05-22,Arkose Lyon
1163,2021-07-27,2002-06-25,Arkose Paris
1164,2021-12-28,2012-04-25,Arkose Paris
1165,2022-03-15,2002-11-23,Arkose Lyon
1166,2020-04-08,2022-04-11,Arkose Paris
1167,2021-11-14,1996-07-09,Arkose Bordeaux
1168,2022-05-21,2000-02-22,Arkose Paris
1169,2021-12-26,2013-04-11,Arkose Lyon
1170,2022-09-13,1992-04-29,Arkose Paris
1171,2021-06-30,2021-04-12,Arkose Bordeaux
1172,2022-08-18,1995-10-06,Arkose Lyon
1173,2022-01-08,1994-01-19,Arkose Paris
1174,2021-09-04,2023-01-10,Arkose Paris
1175,2022-07-31,2014-01-26,Arkose Paris
1176,2021-04-06,2012-08-08,Arkose Paris
1177,2021-10-04,2012-01-04,Arkose Paris
1178,2022-02-07,2011-08-20,Arkose Lyon
1179,2020-01-05,2007-03-24,Arkose Lyon
1180,2020-08-05,2007-10-15,Arkose Lyon
1181,2021-05-17,1999-08-03,Arkose Bordeaux
1182,2022-02-05,1993-05-17,Arkose Lyon
1183,2021-02-01,2008-04-17,Arkose Lyon
1184,2022-05-20,1996-12-11,Arkose Lyon
1185,2022-03-05,2021-01-20,Arkose Paris
1186,2021-01-27,2015-10-08,Arkose Paris
1187,2020-07-25,2010-12-28,Arkose Paris
1188,2020-01-15,2007-04-22,Arkose Paris
1189,2022-05-07,1999-12-25,Arkose Paris
1190,2021-07-07,2013-10-14,Arkose Paris
1191,2022-06-10,2004-12-28,Arkose Bordeaux
1192,2021-04-05,1998-05-22,Arkose Lyon
1193,2021-11-21,2010-02-15,Arkose Paris
1194,2021-07-28,2014-04-13,Arkose Paris
1195,2022-05-13,2004-03-18,Arkose Paris
1196,2022-01-12,2021-09-23,Arkose Paris
1197,2020-08-28,2016-12-28,Arkose Paris
1198,2021-07-17,2008-05-03,Arkose Bordeaux
1199,2020-04-05,2010-01-05,Arkose Paris
1200,2022-06-18,2017-07-11,Arkose Bordeaux
1201,2022-01-03,2008-02-10,Arkose Bordeaux
1202,2021-04-29,2021-12-05,Arkose Paris
1203,2021-02-10,2019-10-05,Arkose Lyon
1204,2020-08-18,1994-03-29,Arkose Lyon
1205,2022-01-18,2003-04-04,Arkose Paris
1206,2021-10-16,2024-07-24,Arkose Paris
1207,2020-06-19,2002-03-23,Arkose Lyon
1208,2021-06-24,1993-06-23,Arkose Lyon
1209,2020-02-05,2023-04-06,Arkose Bordeaux
1210,2021-06-08,1995-01-18,Arkose Bordeaux
1211,2020-06-08,2009-02-18,Arkose Lyon
1212,2022-04-18,2009-08-01,Arkose Bordeaux
1213,2021-11-29,2012-06-18,Arkose Lyon
1214,2020-08-30,2019-01-11,Arkose Lyon
1215,2020-03-26,2004-12-25,Arkose Lyon
1216,2022-03-06,2002-06-16,Arkose Paris
1217,2021-07-31,1998-09-22,Arkose Lyon
1218,2021-11-12,2021-08-13,Arkose Lyon
1219,2021-07-10,2000-06-16,Arkose Paris
1220,2021-07-27,2007-06-27,Arkose Bordeaux
1221,2022-08-10,2000-04-04,Arkose Paris
1222,2021-10-07,1991-12-01,Arkose Lyon
1223,2022-03-06,2006-03-15,Arkose Lyon
1224,2020-01-28,2006-06-16,Arkose Lyon
1225,2021-09-11,2005-03-27,Arkose Paris
1226,2021-07-09,1994-04-21,Arkose Bordeaux
1227,2020-12-05,2017-01-17,Arkose Lyon
1228,2022-03-08,2011-02-22,Arkose Paris
1229,2022-08-15,2003-03-31,Arkose Paris
1230,2020-11-26,2010-12-23,Arkose Lyon
1231,2021-10-01,2011-04-15,Arkose Paris
1232,2021-05-20,2013-10-09,Arkose Paris
1233,2020-12-13,2010-07-09,Arkose Lyon
1234,2021-04-17,2004-02-17,Arkose Paris
1235,2020-08-18,1993-08-23,Arkose Lyon
1236,2020-07-08,1996-07-16,Arkose Paris
1237,2020-08-12,2018-12-09,Arkose Lyon
1238,2021-01-19,2004-11-30,Arkose Paris
1239,2021-01-11,2014-08-29,Arkose Lyon
1240,2020-10-09,1994-03-06,Arkose Paris
1241,2022-08-15,2024-05-24,Arkose Lyon
1242,2021-09-24,2006-01-29,Arkose Paris
1243,2021-09-19,2018-01-30,Arkose Bordeaux
1244,2022-08-30,2016-05-11,Arkose Lyon
1245,2022-01-14,2014-08-26,Arkose Bordeaux
1246,2020-09-15,2008-03-11,Arkose Lyon
1247,2020-12-24,1999-09-04,Arkose Paris
1248,2021-12-10,1995-01-20,Arkose Bordeaux
1249,2021-03-31,2012-08-08,Arkose Paris
1250,2021-02-14,1997-03-11,Arkose Paris
1251,2021-10-10,2017-02-07,Arkose Paris
1252,2020-11-13,1996-06-17,Arkose Lyon
1253,2021-11-07,1994-11-12,Arkose Lyon
1254,2020-08-12,1993-04-22,Arkose Paris
1255,2022-03-29,2022-02-18,Arkose Bordeaux
1256,2020-08-21,2013-04-10,Arkose Paris
1257,2021-11-14,2006-03-30,Arkose Paris
1258,2021-10-25,1993-06-08,Arkose Paris
1259,2022-09-01,2001-12-16,Arkose Paris
1260,2022-04-06,2012-03-05,Arkose Paris
1261,2021-01-08,2001-01-21,Arkose Lyon
1262,2021-11-02,2003-01-18,Arkose Lyon
1263,2021-08-30,2018-05-11,Arkose Paris
1264,2021-04-16,1993-06-29,Arkose Paris
1265,2020-08-20,2011-01-30,Arkose Paris
1266,2021-11-22,2020-08-12,Arkose Bordeaux
1267,2020-04-22,2014-03-01,Arkose Paris
1268,2022-04-09,2000-07-09,Arkose Lyon
1269,2021-05-11,2003-07-16,Arkose Bordeaux
1270,2021-03-17,1996-07-02,Arkose Lyon
1271,2021-07-17,2001-07-03,Arkose Bordeaux
1272,2020-09-24,2011-10-06,Arkose Paris
1273,2021-05-24,1999-06-02,Arkose Lyon
1274,2022-03-17,2023-07-10,Arkose Lyon
1275,2021-01-20,2017-09-26,Arkose Lyon
1276,2021-01-21,2006-02-09,Arkose Paris
1277,2020-04-22,2022-11-14,Arkose Paris
1278,2021-09-04,1997-10-07,Arkose Paris
1279,2021-09-16,2022-09-16,Arkose Lyon
1280,2022-08-09,2022-06-08,Arkose Bordeaux
1281,2020-03-21,2020-07-14,Arkose Lyon
1282,2021-11-29,2010-01-08,Arkose Paris
1283,2020-04-22,1998-09-10,Arkose Bordeaux
1284,2020-01-02,2009-08-28,Arkose Paris
1285,2021-10-03,2018-10-23,Arkose Paris
1286,2020-08-07,2012-03-22,Arkose Paris
1287,2021-07-19,2019-02-22,Arkose Lyon
1288,2022-05-04,2004-02-04,Arkose Paris
1289,2022-09-23,2020-01-01,Arkose Lyon
1290,2022-01-05,2008-01-03,Arkose Bordeaux
1291,2020-08-12,2010-02-25,Arkose Paris
1292,2021-01-19,1999-09-15,Arkose Lyon
1293,2021-02-06,2023-03-27,Arkose Paris
1294,2021-09-29,2012-02-20,Arkose Paris
1295,2020-05-09,2010-10-23,Arkose Paris
1296,2020-02-22,2024-07-18,Arkose Paris
1297,2021-11-14,1998-09-20,Arkose Lyon
1298,2021-12-30,2018-10-19,Arkose Paris
1299,2021-11-02,2022-01-16,Arkose Lyon
